"Sample";"Zr";"Nb";"Ni";"Fe";"Cr";"Fe+Cr";"Sn";"Mo";"Cu";"O2";"Si";"Tau. ч";"T.°C";"P";"Env";"Alloy ";"ln(K)"
"39 S";97.0000000;2.25000;0.00000;0.75000;0.00000;0.00000;0.00000;0.00000;0.00000;0.00000;0.00000;3000;400;250;"steam";"Zr-Nb";-8.6318560
"38 S";97.5000000;1.87000;0.00000;0.63000;0.00000;0.00000;0.00000;0.00000;0.00000;0.00000;0.00000;3000;400;250;"steam";"Zr-Nb";-8.5088940
"23 S";98.5000000;0.37000;0.00000;1.13000;0.00000;0.00000;0.00000;0.00000;0.00000;0.00000;0.00000;3000;400;250;"steam";"Zr-Nb";-8.4068451
"22 S";99.0000000;0.25000;0.00000;0.75000;0.00000;0.00000;0.00000;0.00000;0.00000;0.00000;0.00000;3000;400;250;"steam";"Zr-Nb";-8.2072601
"293 S";98.9440002;0.91000;0.00500;0.02600;0.01000;0.00000;0.00000;0.00500;0.00000;0.10000;0.00000;10000;400;250;"steam";"Zr-Nb";-8.0013800
"40 S";96.0000000;3.00000;0.00000;1.00000;0.00000;0.00000;0.00000;0.00000;0.00000;0.00000;0.00000;3000;400;250;"steam";"Zr-Nb";-7.7517252
"25 S";97.5000000;0.63000;0.00000;1.87000;0.00000;0.00000;0.00000;0.00000;0.00000;0.00000;0.00000;3000;400;250;"steam";"Zr-Nb";-7.2502456
"32 S";97.5000000;1.25000;0.00000;1.25000;0.00000;0.00000;0.00000;0.00000;0.00000;0.00000;0.00000;3000;400;250;"steam";"Zr-Nb";-7.0663605
"30 S";98.5000000;0.75000;0.00000;0.75000;0.00000;0.00000;0.00000;0.00000;0.00000;0.00000;0.00000;3000;400;250;"steam";"Zr-Nb";-6.7564659
"352 S";98.8000031;0.80000;0.40000;0.00000;0.00000;0.00000;0.00000;0.00000;0.00000;0.00000;0.00000;1000;400;250;"steam";"Zr-Nb";-5.8861041
"354 S";99.0000000;1.00000;0.00000;0.00000;0.00000;0.00000;0.00000;0.00000;0.00000;0.00000;0.00000;10536;400;250;"steam";"Zr-Nb";-5.5514193
"349 S";98.0000000;1.00000;0.00000;0.00000;0.00000;0.00000;0.00000;1.00000;0.00000;0.00000;0.00000;2225;350;168;"steam";"Zr-Nb";-5.2182746
"346 S";98.5000000;1.00000;0.50000;0.00000;0.00000;0.00000;0.00000;0.00000;0.00000;0.00000;0.00000;3000;350;170;"steam";"Zr-Nb";-5.1805344
"350 S";98.7799988;1.00000;0.00000;0.10000;0.00000;0.00000;0.00000;0.00000;0.00000;0.12000;0.00000;14400;360;186;"steam";"Zr-Nb";-5.1382318
"357 S";99.0000000;1.00000;0.00000;0.00000;0.00000;0.00000;0.00000;0.00000;0.00000;0.00000;0.00000;9103;360;186;"steam";"Zr-Nb";-5.1276374
"175 S";99.6999969;0.10000;0.20000;0.00000;0.00000;0.00000;0.00000;0.00000;0.00000;0.00000;0.00000;1000;400;250;"steam";"Zr-Nb";-5.0994663
"345 S";99.0000000;1.00000;0.00000;0.00000;0.00000;0.00000;0.00000;0.00000;0.00000;0.00000;0.00000;3504;360;186;"steam";"Zr-Nb";-5.0751739
"181 S";99.6999969;0.20000;0.10000;0.00000;0.00000;0.00000;0.00000;0.00000;0.00000;0.00000;0.00000;1000;400;250;"steam";"Zr-Nb";-4.9103374
"176 S";99.4000015;0.20000;0.40000;0.00000;0.00000;0.00000;0.00000;0.00000;0.00000;0.00000;0.00000;1000;400;250;"steam";"Zr-Nb";-4.7307334
"183 S";99.2050018;0.53000;0.26500;0.00000;0.00000;0.00000;0.00000;0.00000;0.00000;0.00000;0.00000;1000;400;250;"steam";"Zr-Nb";-4.5972018
"177 S";99.2050018;0.26500;0.53000;0.00000;0.00000;0.00000;0.00000;0.00000;0.00000;0.00000;0.00000;1000;400;250;"steam";"Zr-Nb";-4.5189924
"179 S";98.8000031;0.40000;0.80000;0.00000;0.00000;0.00000;0.00000;0.00000;0.00000;0.00000;0.00000;1000;400;250;"steam";"Zr-Nb";-4.3528562
"184 S";99.0009995;0.66600;0.33300;0.00000;0.00000;0.00000;0.00000;0.00000;0.00000;0.00000;0.00000;1000;400;250;"steam";"Zr-Nb";-4.3466597
"187 S";98.0000000;1.35000;0.65000;0.00000;0.00000;0.00000;0.00000;0.00000;0.00000;0.00000;0.00000;1000;400;250;"steam";"Zr-Nb";-4.2686977
"182 S";99.4000015;0.40000;0.20000;0.00000;0.00000;0.00000;0.00000;0.00000;0.00000;0.00000;0.00000;1000;400;250;"steam";"Zr-Nb";-4.2260489
"178 S";99.0009995;0.33300;0.66600;0.00000;0.00000;0.00000;0.00000;0.00000;0.00000;0.00000;0.00000;1000;400;250;"steam";"Zr-Nb";-3.9120231
"296 S";98.7509995;0.52000;0.00500;0.03600;0.49000;0.00000;0.06000;0.00400;0.00000;0.13400;0.00000;10000;400;250;"steam";"Zr-Nb-Sn";-8.2433567
"294 S";98.8430023;0.93000;0.00500;0.03800;0.01000;0.00000;0.07300;0.00500;0.00000;0.09600;0.00000;10000;400;250;"steam";"Zr-Nb-Sn";-8.1771555
"24 S";98.6999969;0.50000;0.00000;0.00000;0.00000;0.00000;0.30000;0.50000;0.00000;0.00000;0.00000;3890;350;168;"steam";"Zr-Nb-Sn";-7.9480987
"295 S";98.1490021;1.12000;0.00500;0.04500;0.49000;0.00000;0.06000;0.00500;0.00000;0.12600;0.00000;10000;400;250;"steam";"Zr-Nb-Sn";-7.6864605
"29 S";99.0000000;0.50000;0.00000;0.00000;0.00000;0.00000;0.30000;0.20000;0.00000;0.00000;0.00000;3890;350;170;"steam";"Zr-Nb-Sn";-7.6279311
"297 S";99.0339966;0.49000;0.00500;0.03700;0.01000;0.00000;0.04700;0.28000;0.00000;0.09700;0.00000;10000;400;250;"steam";"Zr-Nb-Sn";-7.5445223
"298 S";98.6504974;0.58000;0.00050;0.04400;0.32000;0.00000;0.06000;0.22000;0.00000;0.12500;0.00000;10000;400;250;"steam";"Zr-Nb-Sn";-7.3841796
"33 S";97.8000031;1.50000;0.00000;0.20000;0.10000;0.00000;0.40000;0.00000;0.00000;0.00000;0.00000;721;360;186;"steam";"Zr-Nb-Sn";-6.8003969
"31 S";97.0100021;1.00000;0.00000;0.40000;0.00000;0.00000;1.50000;0.00000;0.00000;0.09000;0.00000;14400;400;103;"steam";"Zr-Nb-Sn";-6.1915431
"353 S";97.0100021;1.00000;0.00000;0.40000;0.00000;0.00000;1.50000;0.00000;0.00000;0.09000;0.00000;7200;360;186;"steam";"Zr-Nb-Sn";-6.0196352
"351 S";97.2099991;1.00000;0.00000;0.40000;0.00000;0.00000;1.30000;0.00000;0.00000;0.09000;0.00000;14400;400;103;"steam";"Zr-Nb-Sn";-5.8137832
"359 S";97.1100006;1.00000;0.00000;0.60000;0.00000;0.00000;1.20000;0.00000;0.00000;0.09000;0.00000;14400;400;103;"steam";"Zr-Nb-Sn";-5.7721248
"356 S";97.8099976;0.60000;0.00000;0.30000;0.00000;0.00000;1.20000;0.00000;0.00000;0.09000;0.00000;14400;400;103;"steam";"Zr-Nb-Sn";-5.7550759
"355 S";97.3099976;0.70000;0.00000;0.60000;0.00000;0.00000;1.30000;0.00000;0.00000;0.09000;0.00000;14400;400;103;"steam";"Zr-Nb-Sn";-5.5767827
"360 S";97.2099991;1.00000;0.00000;0.40000;0.00000;0.00000;1.30000;0.00000;0.00000;0.09000;0.00000;7200;360;186;"steam";"Zr-Nb-Sn";-5.5442648
"362 S";97.7149963;1.01500;0.00000;0.10000;0.00000;0.00000;1.05000;0.00000;0.00000;0.12000;0.00000;10512;400;250;"steam";"Zr-Nb-Sn";-5.4580646
"358 S";97.4100037;1.20000;0.00000;0.50000;0.00000;0.00000;0.80000;0.00000;0.00000;0.09000;0.00000;14400;400;103;"steam";"Zr-Nb-Sn";-5.3853288
"363 S";97.7149963;1.01500;0.00000;0.10000;0.00000;0.00000;1.05000;0.00000;0.00000;0.12000;0.00000;3480;400;250;"steam";"Zr-Nb-Sn";-5.3697762
"347 S";98.2099991;0.60000;0.00000;0.30000;0.00000;0.00000;0.80000;0.00000;0.00000;0.09000;0.00000;14400;400;103;"steam";"Zr-Nb-Sn";-5.3598976
"361 S";97.2099991;1.00000;0.00000;0.40000;0.00000;0.00000;1.30000;0.00000;0.00000;0.09000;0.00000;14400;360;186;"steam";"Zr-Nb-Sn";-5.2770400
"364 S";97.7149963;1.01500;0.00000;0.10000;0.00000;0.00000;1.05000;0.00000;0.00000;0.12000;0.00000;1488;400;250;"steam";"Zr-Nb-Sn";-5.2383256
"348 S";97.7099991;0.70000;0.00000;0.30000;0.00000;0.00000;1.20000;0.00000;0.00000;0.09000;0.00000;14400;400;103;"steam";"Zr-Nb-Sn";-5.2247057
"185 S";98.8000031;0.80000;0.00000;0.00000;0.00000;0.00000;0.20000;0.20000;0.00000;0.00000;0.00000;3890;350;168;"steam";"Zr-Nb-Sn";-4.3653660
"186 S";97.0100021;1.00000;0.00000;0.40000;0.00000;0.00000;1.50000;0.00000;0.00000;0.09000;0.00000;14400;360;186;"steam";"Zr-Nb-Sn";-4.3087764
"180 S";98.6999969;0.50000;0.00000;0.00000;0.00000;0.00000;0.30000;0.50000;0.00000;0.00000;0.00000;3890;350;170;"steam";"Zr-Nb-Sn";-4.2758665
"365 S";98.7799988;0.00000;0.00000;0.21000;0.10000;0.00000;0.80000;0.00000;0.00000;0.11000;0.00000;1488;400;250;"steam";"Zr-Sn";-6.1760664
"366 S";98.0000000;0.00000;0.00000;0.00000;0.00000;0.00000;1.00000;0.00000;1.00000;0.00000;0.00000;3000;350;168;"steam";"Zr-Sn";-5.7797236
"367 S";97.0000000;0.00000;0.00000;0.00000;0.00000;0.00000;1.00000;0.00000;2.00000;0.00000;0.00000;3000;350;168;"steam";"Zr-Sn";-5.4968996
"368 S";99.0000000;0.00000;0.00000;0.00000;0.00000;0.00000;0.66000;0.00000;0.34000;0.00000;0.00000;3000;350;168;"steam";"Zr-Sn";-5.4648075
"370 S";98.0000000;0.00000;0.00000;0.00000;0.00000;0.00000;0.67000;0.00000;1.33000;0.00000;0.00000;3000;350;168;"steam";"Zr-Sn";-5.4341187
"371 S";97.8000031;0.00000;0.00000;0.20000;0.00000;0.00000;0.67000;0.00000;1.33000;0.00000;0.00000;4000;350;168;"steam";"Zr-Sn";-5.3592782
"369 S";99.0000000;0.00000;0.00000;0.00000;0.00000;0.00000;0.50000;0.00000;0.50000;0.00000;0.00000;3000;350;168;"steam";"Zr-Sn";-5.2599077
"372 S";98.0000000;0.00000;0.00000;0.00000;0.00000;0.00000;0.67000;0.00000;1.33000;0.00000;0.00000;4000;350;168;"steam";"Zr-Sn";-5.1430154
"159 W";98.8000031;0.00000;0.20000;0.00000;0.00000;0.00000;0.00000;0.50000;0.50000;0.00000;0.00000;7000;350;168;"water";"Zr";-7.7062631
"158 W";98.9000015;0.00000;0.00000;0.10000;0.00000;0.00000;0.00000;0.25000;0.75000;0.00000;0.00000;7000;350;168;"water";"Zr";-7.5332437
"301 W";96.0000000;0.00000;1.00000;0.00000;0.00000;0.00000;0.00000;3.00000;0.00000;0.00000;0.00000;4000;350;170;"water";"Zr";-6.9315071
"313 W";97.0000000;0.00000;1.50000;0.00000;0.00000;0.00000;0.00000;1.50000;0.00000;0.00000;0.00000;4000;350;170;"water";"Zr";-6.8636055
"316 W";95.0000000;0.00000;1.25000;0.00000;0.00000;0.00000;0.00000;3.75000;0.00000;0.00000;0.00000;4000;350;170;"water";"Zr";-6.6821704
"155 W";99.0000000;0.00000;0.75000;0.00000;0.00000;0.00000;0.00000;0.25000;0.00000;0.00000;0.00000;4000;350;170;"water";"Zr";-6.5039582
"102 W";99.3000031;0.00000;0.00000;0.10000;0.00000;0.00000;0.00000;0.30000;0.30000;0.00000;0.00000;7000;350;168;"water";"Zr";-5.8304801
"154 W";99.0999985;0.00000;0.10000;0.00000;0.20000;0.00000;0.00000;0.30000;0.30000;0.00000;0.00000;7000;350;168;"water";"Zr";-5.4036779
"156 W";99.0000000;0.00000;0.25000;0.00000;0.00000;0.00000;0.00000;0.75000;0.00000;0.00000;0.00000;4000;350;170;"water";"Zr";-5.2504802
"93 W";99.0999985;0.00000;0.10000;0.00000;0.20000;0.00000;0.00000;0.15000;0.45000;0.00000;0.00000;7000;350;168;"water";"Zr";-4.9776840
"157 W";99.0999985;0.00000;0.20000;0.10000;0.00000;0.00000;0.00000;0.30000;0.30000;0.00000;0.00000;7000;350;168;"water";"Zr";-4.9017811
"160 W";99.0000000;0.00000;0.00000;0.00000;0.00000;0.00000;0.00000;0.50000;0.50000;0.00000;0.00000;7000;350;168;"water";"Zr";-4.6753244
"96 W";99.4000015;0.00000;0.00000;0.00000;0.00000;0.00000;0.00000;0.15000;0.45000;0.00000;0.00000;7000;350;168;"water";"Zr";-4.3959904
"107 W";99.1999969;0.00000;0.00000;0.00000;0.20000;0.00000;0.00000;0.30000;0.30000;0.00000;0.00000;7000;350;168;"water";"Zr";-4.3046398
"103 W";99.4000015;0.00000;0.00000;0.00000;0.00000;0.00000;0.00000;0.30000;0.30000;0.00000;0.00000;7000;350;168;"water";"Zr";-4.2826037
"95 W";99.3000031;0.00000;0.00000;0.10000;0.00000;0.00000;0.00000;0.15000;0.45000;0.00000;0.00000;7000;350;168;"water";"Zr";-4.1777263
"106 W";99.0999985;0.00000;0.00000;0.10000;0.20000;0.00000;0.00000;0.30000;0.30000;0.00000;0.00000;7000;350;168;"water";"Zr";-4.0997591
"94 W";99.1999969;0.00000;0.00000;0.20000;0.00000;0.00000;0.00000;0.30000;0.30000;0.00000;0.00000;7000;350;168;"water";"Zr";-3.7940919
"101 W";99.1999969;0.00000;0.20000;0.00000;0.00000;0.00000;0.00000;0.30000;0.30000;0.00000;0.00000;7000;350;168;"water";"Zr";-3.3667960
"169 W";99.2050018;0.53000;0.26500;0.00000;0.00000;0.00000;0.00000;0.00000;0.00000;0.00000;0.00000;3000;350;170;"water";"Zr-Nb";-9.0647984
"208 W";98.6999969;0.53000;0.27000;0.00000;0.00000;0.00000;0.00000;0.00000;0.50000;0.00000;0.00000;4000;350;170;"water";"Zr-Nb";-9.0073996
"51 W";98.5000000;0.25000;0.00000;0.75000;0.00000;0.00000;0.00000;0.00000;0.50000;0.00000;0.00000;5000;350;170;"water";"Zr-Nb";-8.8048754
"161 W";99.6999969;0.10000;0.20000;0.00000;0.00000;0.00000;0.00000;0.00000;0.00000;0.00000;0.00000;3000;350;170;"water";"Zr-Nb";-8.5023050
"203 W";99.1999969;0.53000;0.27000;0.00000;0.00000;0.00000;0.00000;0.00000;0.00000;0.00000;0.00000;4000;350;170;"water";"Zr-Nb";-8.3142519
"207 W";98.6999969;0.53000;0.27000;0.50000;0.00000;0.00000;0.00000;0.00000;0.00000;0.00000;0.00000;4000;350;170;"water";"Zr-Nb";-8.3041000
"206 W";98.9000015;0.53000;0.27000;0.00000;0.30000;0.00000;0.00000;0.00000;0.00000;0.00000;0.00000;4000;350;170;"water";"Zr-Nb";-8.2940493
"198 W";99.0000000;0.50000;0.00000;0.50000;0.00000;0.00000;0.00000;0.00000;0.00000;0.00000;0.00000;3000;400;250;"water";"Zr-Nb";-8.2548285
"43 W";99.0000000;0.25000;0.00000;0.75000;0.00000;0.00000;0.00000;0.00000;0.00000;0.00000;0.00000;5000;350;170;"water";"Zr-Nb";-8.1525497
"170 W";99.0009995;0.66600;0.33300;0.00000;0.00000;0.00000;0.00000;0.00000;0.00000;0.00000;0.00000;3000;350;170;"water";"Zr-Nb";-8.0368271
"49 W";98.1999969;0.25000;0.00000;0.75000;0.80000;0.00000;0.00000;0.00000;0.00000;0.00000;0.00000;5000;350;170;"water";"Zr-Nb";-7.9575772
"191 W";98.5000000;0.40000;0.80000;0.00000;0.00000;0.00000;0.00000;0.00000;0.30000;0.00000;0.00000;4000;350;170;"water";"Zr-Nb";-7.9020076
"199 W";97.0000000;0.50000;0.00000;1.50000;0.00000;0.00000;0.00000;0.00000;1.00000;0.00000;0.00000;5000;350;170;"water";"Zr-Nb";-7.8240461
"192 W";98.5000000;0.40000;0.80000;0.00000;0.30000;0.00000;0.00000;0.00000;0.00000;0.00000;0.00000;4000;350;170;"water";"Zr-Nb";-7.7118340
"193 W";98.3000031;0.40000;0.80000;0.50000;0.00000;0.00000;0.00000;0.00000;0.00000;0.00000;0.00000;4000;350;170;"water";"Zr-Nb";-7.7007227
"50 W";98.8000031;0.25000;0.00000;0.75000;0.00000;0.00000;0.00000;0.00000;0.20000;0.00000;0.00000;5000;350;170;"water";"Zr-Nb";-7.6627779
"204 W";98.9000015;0.53000;0.27000;0.30000;0.00000;0.00000;0.00000;0.00000;0.00000;0.00000;0.00000;4000;350;170;"water";"Zr-Nb";-7.6211052
"190 W";98.5000000;0.40000;0.80000;0.30000;0.00000;0.00000;0.00000;0.00000;0.00000;0.00000;0.00000;4000;350;170;"water";"Zr-Nb";-7.5959148
"196 W";98.1999969;0.50000;1.00000;0.30000;0.00000;0.00000;0.00000;0.00000;0.00000;0.00000;0.00000;4000;350;170;"water";"Zr-Nb";-7.5811000
"163 W";99.2050018;0.26500;0.53000;0.00000;0.00000;0.00000;0.00000;0.00000;0.00000;0.00000;0.00000;3000;350;170;"water";"Zr-Nb";-7.5604005
"162 W";99.4000015;0.20000;0.40000;0.00000;0.00000;0.00000;0.00000;0.00000;0.00000;0.00000;0.00000;3000;350;170;"water";"Zr-Nb";-7.5147247
"48 W";98.5000000;0.25000;0.00000;0.75000;0.50000;0.00000;0.00000;0.00000;0.00000;0.00000;0.00000;5000;350;170;"water";"Zr-Nb";-7.5055923
"47 W";98.8000031;0.25000;0.00000;0.75000;0.20000;0.00000;0.00000;0.00000;0.00000;0.00000;0.00000;5000;350;170;"water";"Zr-Nb";-7.4353881
"205 W";98.9000015;0.53000;0.27000;0.00000;0.00000;0.00000;0.00000;0.00000;0.30000;0.00000;0.00000;4000;350;170;"water";"Zr-Nb";-7.3898315
"216 W";97.5000000;1.35000;0.65000;0.00000;0.50000;0.00000;0.00000;0.00000;0.00000;0.00000;0.00000;4000;350;170;"water";"Zr-Nb";-7.3857913
"44 W";98.8000031;0.25000;0.20000;0.75000;0.00000;0.00000;0.00000;0.00000;0.00000;0.00000;0.00000;5000;350;170;"water";"Zr-Nb";-7.2817216
"197 W";97.1999969;0.50000;0.80000;1.50000;0.00000;0.00000;0.00000;0.00000;0.00000;0.00000;0.00000;5000;350;170;"water";"Zr-Nb";-7.2788191
"140 W";99.0000000;0.50000;0.00000;0.00000;0.00000;0.00000;0.00000;0.50000;0.00000;0.00000;0.00000;3890;350;168;"water";"Zr-Nb";-7.2365451
"45 W";98.5000000;0.25000;0.50000;0.75000;0.00000;0.00000;0.00000;0.00000;0.00000;0.00000;0.00000;5000;350;170;"water";"Zr-Nb";-7.2088604
"324 W";98.9000015;0.80000;0.00000;0.00000;0.00000;0.00000;0.00000;0.20000;0.00000;0.00000;0.10000;3890;350;168;"water";"Zr-Nb";-7.1770883
"167 W";99.6999969;0.20000;0.10000;0.00000;0.00000;0.00000;0.00000;0.00000;0.00000;0.00000;0.00000;3000;350;170;"water";"Zr-Nb";-7.1519523
"213 W";97.6999969;1.35000;0.65000;0.00000;0.30000;0.00000;0.00000;0.00000;0.00000;0.00000;0.00000;4000;350;170;"water";"Zr-Nb";-7.0527811
"212 W";97.6999969;1.35000;0.65000;0.00000;0.00000;0.00000;0.00000;0.00000;0.30000;0.00000;0.00000;4000;350;170;"water";"Zr-Nb";-7.0271020
"314 W";98.9010010;1.00000;0.00000;0.00000;0.00000;0.00900;0.00000;0.00000;0.00000;0.09000;0.00000;7200;360;186;"water";"Zr-Nb";-7.0258508
"299 W";98.9100037;1.00000;0.00000;0.01000;0.00000;0.00000;0.00000;0.00000;0.00000;0.08000;0.00000;14400;360;186;"water";"Zr-Nb";-7.0202398
"311 W";98.7799988;1.00000;0.00000;0.10000;0.00000;0.00000;0.00000;0.00000;0.00000;0.12000;0.00000;7200;360;186;"water";"Zr-Nb";-6.9926476
"261 W";99.1999969;0.50000;0.00000;0.00000;0.00000;0.00000;0.00000;0.20000;0.00000;0.00000;0.10000;3890;350;168;"water";"Zr-Nb";-6.9852304
"326 W";96.0000000;1.00000;0.00000;0.00000;3.00000;0.00000;0.00000;0.00000;0.00000;0.00000;0.00000;2424;350;169;"water";"Zr-Nb";-6.9722939
"171 W";96.1100006;0.80000;0.00000;0.00000;0.00000;0.00000;0.00000;3.09000;0.00000;0.00000;0.00000;960;350;168;"water";"Zr-Nb";-6.9660907
"302 W";98.9010010;1.00000;0.00000;0.00000;0.00000;0.00900;0.00000;0.00000;0.00000;0.09000;0.00000;7200;360;186;"water";"Zr-Nb";-6.9543810
"141 W";97.5000000;0.50000;0.00000;1.50000;0.50000;0.00000;0.00000;0.00000;0.00000;0.00000;0.00000;5000;350;170;"water";"Zr-Nb";-6.9232998
"256 W";98.1999969;0.50000;1.00000;0.00000;0.00000;0.00000;0.00000;0.00000;0.30000;0.00000;0.00000;4000;350;170;"water";"Zr-Nb";-6.9129100
"253 W";98.9800034;0.80000;0.00000;0.00000;0.00000;0.00000;0.00000;0.22000;0.00000;0.00000;0.00000;2225;350;168;"water";"Zr-Nb";-6.9051881
"189 W";98.1999969;0.40000;0.80000;0.30000;0.00000;0.00000;0.00000;0.00000;0.30000;0.00000;0.00000;4000;350;170;"water";"Zr-Nb";-6.9027677
"322 W";98.9010010;1.00000;0.00000;0.00000;0.00000;0.00900;0.00000;0.00000;0.00000;0.09000;0.00000;3600;360;186;"water";"Zr-Nb";-6.8669333
"166 W";97.1999969;0.50000;0.00000;1.50000;0.80000;0.00000;0.00000;0.00000;0.00000;0.00000;0.00000;5000;350;170;"water";"Zr-Nb";-6.8307943
"210 W";98.0000000;1.35000;0.65000;0.00000;0.00000;0.00000;0.00000;0.00000;0.00000;0.00000;0.00000;4000;350;170;"water";"Zr-Nb";-6.7899723
"215 W";97.5000000;1.35000;0.65000;0.00000;0.00000;0.00000;0.00000;0.00000;0.50000;0.00000;0.00000;4000;350;170;"water";"Zr-Nb";-6.7833276
"138 W";98.0000000;0.50000;0.00000;1.50000;0.00000;0.00000;0.00000;0.00000;0.00000;0.00000;0.00000;3500;350;170;"water";"Zr-Nb";-6.7710156
"165 W";98.8000031;0.40000;0.80000;0.00000;0.00000;0.00000;0.00000;0.00000;0.00000;0.00000;0.00000;3000;350;170;"water";"Zr-Nb";-6.7622128
"321 W";98.9010010;1.00000;0.00000;0.00000;0.00000;0.00900;0.00000;0.00000;0.00000;0.09000;0.00000;3600;360;186;"water";"Zr-Nb";-6.7536044
"145 W";98.9000015;0.50000;0.00000;0.00000;0.00000;0.00000;0.00000;0.50000;0.00000;0.00000;0.10000;3890;350;168;"water";"Zr-Nb";-6.7532372
"318 W";98.9010010;1.00000;0.00000;0.00000;0.00000;0.00900;0.00000;0.00000;0.00000;0.09000;0.00000;3600;360;186;"water";"Zr-Nb";-6.7417703
"329 W";99.0000000;1.00000;0.00000;0.00000;0.00000;0.00000;0.00000;0.00000;0.00000;0.00000;0.00000;14400;360;186;"water";"Zr-Nb";-6.7185135
"168 W";99.4000015;0.40000;0.20000;0.00000;0.00000;0.00000;0.00000;0.00000;0.00000;0.00000;0.00000;3000;350;170;"water";"Zr-Nb";-6.7116404
"173 W";98.0000000;1.35000;0.65000;0.00000;0.00000;0.00000;0.00000;0.00000;0.00000;0.00000;0.00000;3000;350;170;"water";"Zr-Nb";-6.6966844
"257 W";98.1999969;0.50000;1.00000;0.00000;0.30000;0.00000;0.00000;0.00000;0.00000;0.00000;0.00000;4000;350;170;"water";"Zr-Nb";-6.6913180
"46 W";98.1999969;0.25000;0.80000;0.75000;0.00000;0.00000;0.00000;0.00000;0.00000;0.00000;0.00000;5000;350;170;"water";"Zr-Nb";-6.6766434
"264 W";98.0000000;0.50000;0.00000;1.50000;0.00000;0.00000;0.00000;0.00000;0.00000;0.00000;0.00000;5000;350;170;"water";"Zr-Nb";-6.6728559
"137 W";98.8000031;0.80000;0.40000;0.00000;0.00000;0.00000;0.00000;0.00000;0.00000;0.00000;0.00000;3000;350;170;"water";"Zr-Nb";-6.5928130
"142 W";98.0000000;0.50000;1.00000;0.50000;0.00000;0.00000;0.00000;0.00000;0.00000;0.00000;0.00000;4000;350;170;"water";"Zr-Nb";-6.5890679
"139 W";98.0000000;0.50000;1.00000;0.00000;0.00000;0.00000;0.00000;0.00000;0.50000;0.00000;0.00000;4000;350;170;"water";"Zr-Nb";-6.5834761
"252 W";99.0000000;0.80000;0.00000;0.00000;0.00000;0.00000;0.00000;0.20000;0.00000;0.00000;0.00000;3890;350;168;"water";"Zr-Nb";-6.5505662
"255 W";99.0000000;0.50000;0.00000;0.50000;0.00000;0.00000;0.00000;0.00000;0.00000;0.00000;0.00000;3500;350;170;"water";"Zr-Nb";-6.5398326
"263 W";98.0000000;0.50000;1.00000;0.00000;0.50000;0.00000;0.00000;0.00000;0.00000;0.00000;0.00000;4000;350;170;"water";"Zr-Nb";-6.5274544
"228 W";97.8000031;0.50000;0.00000;1.50000;0.00000;0.00000;0.00000;0.00000;0.20000;0.00000;0.00000;5000;350;170;"water";"Zr-Nb";-6.5090284
"267 W";99.3000031;0.50000;0.00000;0.00000;0.00000;0.00000;0.00000;0.20000;0.00000;0.00000;0.00000;3890;350;168;"water";"Zr-Nb";-6.5031476
"254 W";98.9000015;0.80000;0.00000;0.00000;0.00000;0.00000;0.00000;0.20000;0.00000;0.00000;0.10000;3890;350;170;"water";"Zr-Nb";-6.4628057
"317 W";96.0000000;1.00000;0.00000;3.00000;0.00000;0.00000;0.00000;0.00000;0.00000;0.00000;0.00000;3500;350;170;"water";"Zr-Nb";-6.3969297
"260 W";99.3000031;0.50000;0.00000;0.00000;0.00000;0.00000;0.00000;0.20000;0.00000;0.00000;0.00000;3890;350;168;"water";"Zr-Nb";-6.3245492
"211 W";97.6999969;1.35000;0.65000;0.30000;0.00000;0.00000;0.00000;0.00000;0.00000;0.00000;0.00000;4000;350;170;"water";"Zr-Nb";-6.3144283
"268 W";99.0000000;0.50000;0.00000;0.00000;0.00000;0.00000;0.00000;0.50000;0.00000;0.00000;0.00000;3890;350;168;"water";"Zr-Nb";-6.2796607
"259 W";99.1999969;0.50000;0.00000;0.00000;0.00000;0.00000;0.00000;0.20000;0.00000;0.00000;0.10000;3890;350;170;"water";"Zr-Nb";-6.2031064
"258 W";98.0000000;0.50000;0.00000;0.00000;1.50000;0.00000;0.00000;0.00000;0.00000;0.00000;0.00000;2424;350;169;"water";"Zr-Nb";-6.1475024
"201 W";98.0000000;0.50000;0.00000;1.50000;0.00000;0.00000;0.00000;0.00000;0.00000;0.00000;0.00000;3000;400;250;"water";"Zr-Nb";-6.0968251
"194 W";98.3000031;0.40000;0.80000;0.00000;0.00000;0.00000;0.00000;0.00000;0.50000;0.00000;0.00000;4000;350;170;"water";"Zr-Nb";-6.0868750
"262 W";99.0000000;0.50000;0.00000;0.00000;0.00000;0.00000;0.00000;0.50000;0.00000;0.00000;0.00000;3890;350;170;"water";"Zr-Nb";-6.0222683
"265 W";97.5000000;0.50000;0.50000;1.50000;0.00000;0.00000;0.00000;0.00000;0.00000;0.00000;0.00000;5000;350;170;"water";"Zr-Nb";-5.9665837
"251 W";98.9000015;0.80000;0.00000;0.20000;0.00000;0.00000;0.00000;0.00000;0.00000;0.10000;0.00000;7200;360;186;"water";"Zr-Nb";-5.9006047
"266 W";98.9400024;0.50000;0.00000;0.00000;0.00000;0.00000;0.00000;0.56000;0.00000;0.00000;0.00000;2225;350;168;"water";"Zr-Nb";-5.8977914
"144 W";99.5000000;0.50000;0.00000;0.00000;0.00000;0.00000;0.00000;0.00000;0.00000;0.00000;0.00000;4000;350;170;"water";"Zr-Nb";-5.7012153
"237 W";99.0000000;0.75000;0.00000;0.00000;0.25000;0.00000;0.00000;0.00000;0.00000;0.00000;0.00000;2184;350;169;"water";"Zr-Nb";-5.6353025
"276 W";97.5000000;0.50000;0.00000;1.50000;0.00000;0.00000;0.00000;0.00000;0.50000;0.00000;0.00000;5000;350;170;"water";"Zr-Nb";-5.6193585
"164 W";99.0009995;0.33300;0.66600;0.00000;0.00000;0.00000;0.00000;0.00000;0.00000;0.00000;0.00000;3000;350;170;"water";"Zr-Nb";-5.5762691
"220 W";97.0000000;0.75000;0.00000;0.00000;2.25000;0.00000;0.00000;0.00000;0.00000;0.00000;0.00000;2424;350;169;"water";"Zr-Nb";-5.5727758
"219 W";98.5000000;0.50000;1.00000;0.00000;0.00000;0.00000;0.00000;0.00000;0.00000;0.00000;0.00000;1000;400;250;"water";"Zr-Nb";-5.5214610
"143 W";99.0000000;0.50000;0.00000;0.00000;0.50000;0.00000;0.00000;0.00000;0.00000;0.00000;0.00000;2184;350;169;"water";"Zr-Nb";-5.4967055
"269 W";98.9000015;0.80000;0.00000;0.20000;0.00000;0.00000;0.00000;0.00000;0.00000;0.10000;0.00000;14400;360;186;"water";"Zr-Nb";-5.4109454
"222 W";95.0000000;1.25000;0.00000;0.00000;3.75000;0.00000;0.00000;0.00000;0.00000;0.00000;0.00000;2424;350;169;"water";"Zr-Nb";-5.2400641
"282 W";98.9700012;0.20000;0.00000;0.00000;0.00000;0.00000;0.00000;0.83000;0.00000;0.00000;0.00000;2225;350;168;"water";"Zr-Nb";-4.6919775
"239 W";97.0000000;2.25000;0.00000;0.00000;0.75000;0.00000;0.00000;0.00000;0.00000;0.00000;0.00000;2184;350;169;"water";"Zr-Nb";-4.5282178
"284 W";98.9000015;0.80000;0.00000;0.20000;0.00000;0.00000;0.00000;0.00000;0.00000;0.10000;0.00000;14400;400;103;"water";"Zr-Nb";-4.4920278
"231 W";95.0000000;2.50000;0.00000;0.00000;2.50000;0.00000;0.00000;0.00000;0.00000;0.00000;0.00000;2184;350;169;"water";"Zr-Nb";-4.4312401
"240 W";96.0000000;3.00000;0.00000;0.00000;1.00000;0.00000;0.00000;0.00000;0.00000;0.00000;0.00000;2184;350;169;"water";"Zr-Nb";-4.1289473
"270 W";98.0000000;1.60000;0.00000;0.00000;0.00000;0.00000;0.00000;0.40000;0.00000;0.00000;0.00000;2225;350;168;"water";"Zr-Nb";-4.0506396
"241 W";95.0000000;3.75000;0.00000;0.00000;1.25000;0.00000;0.00000;0.00000;0.00000;0.00000;0.00000;2184;350;169;"water";"Zr-Nb";-3.7550309
"283 W";98.0999985;0.40000;0.00000;0.00000;0.00000;0.00000;0.00000;1.50000;0.00000;0.00000;0.00000;960;350;168;"water";"Zr-Nb";-3.0038905
"280 W";95.0000000;2.50000;0.00000;0.00000;0.00000;0.00000;0.00000;2.50000;0.00000;0.00000;0.00000;720;350;168;"water";"Zr-Nb";-2.9133844
"271 W";97.0000000;2.40000;0.00000;0.00000;0.00000;0.00000;0.00000;0.60000;0.00000;0.00000;0.00000;720;350;168;"water";"Zr-Nb";-2.7395840
"273 W";95.0000000;4.00000;0.00000;0.00000;0.00000;0.00000;0.00000;1.00000;0.00000;0.00000;0.00000;720;350;168;"water";"Zr-Nb";-2.7350788
"272 W";95.9300003;3.20000;0.00000;0.00000;0.00000;0.00000;0.00000;0.87000;0.00000;0.00000;0.00000;720;350;168;"water";"Zr-Nb";-2.2164073
"128 W";99.2300034;0.64000;0.00000;0.00000;0.00000;0.00000;0.00000;0.13000;0.00000;0.00000;0.00000;240;350;168;"water";"Zr-Nb";-2.1715567
"279 W";95.9800034;2.00000;0.00000;0.00000;0.00000;0.00000;0.00000;2.02000;0.00000;0.00000;0.00000;240;350;168;"water";"Zr-Nb";-1.6296406
"135 W";99.4599991;0.12000;0.00000;0.00000;0.00000;0.00000;0.00000;0.42000;0.00000;0.00000;0.00000;240;350;168;"water";"Zr-Nb";-1.5750365
"130 W";99.5899963;0.20000;0.00000;0.00000;0.00000;0.00000;0.00000;0.21000;0.00000;0.00000;0.00000;240;350;168;"water";"Zr-Nb";-1.4396951
"127 W";99.4000015;0.48000;0.00000;0.00000;0.00000;0.00000;0.00000;0.12000;0.00000;0.00000;0.00000;240;350;168;"water";"Zr-Nb";-1.4064971
"134 W";99.5999985;0.08000;0.00000;0.00000;0.00000;0.00000;0.00000;0.32000;0.00000;0.00000;0.00000;240;350;168;"water";"Zr-Nb";-1.3432349
"126 W";99.5800018;0.32000;0.00000;0.00000;0.00000;0.00000;0.00000;0.10000;0.00000;0.00000;0.00000;240;350;168;"water";"Zr-Nb";-1.1254698
"125 W";99.7799988;0.16000;0.00000;0.00000;0.00000;0.00000;0.00000;0.06000;0.00000;0.00000;0.00000;240;350;168;"water";"Zr-Nb";-1.0668714
"133 W";99.8000031;0.04000;0.00000;0.00000;0.00000;0.00000;0.00000;0.16000;0.00000;0.00000;0.00000;240;350;168;"water";"Zr-Nb";-1.0051219
"129 W";99.7900009;0.10000;0.00000;0.00000;0.00000;0.00000;0.00000;0.11000;0.00000;0.00000;0.00000;240;350;168;"water";"Zr-Nb";-0.6462636
"57 W";98.6999969;0.50000;0.00000;0.00000;0.00000;0.00000;0.20000;0.50000;0.00000;0.00000;0.10000;3890;350;170;"water";"Zr-Nb-Sn";-9.4334841
"52 W";99.0000000;0.50000;0.00000;0.00000;0.00000;0.00000;0.20000;0.20000;0.00000;0.00000;0.10000;3890;350;168;"water";"Zr-Nb-Sn";-8.2548285
"55 W";98.6999969;0.50000;0.00000;0.00000;0.10000;0.00000;0.20000;0.50000;0.00000;0.00000;0.00000;3890;350;170;"water";"Zr-Nb-Sn";-8.0164175
"200 W";99.0999985;0.50000;0.00000;0.00000;0.00000;0.00000;0.20000;0.20000;0.00000;0.00000;0.00000;3890;350;168;"water";"Zr-Nb-Sn";-7.8753395
"54 W";98.8000031;0.50000;0.00000;0.00000;0.00000;0.00000;0.20000;0.50000;0.00000;0.00000;0.00000;3890;350;168;"water";"Zr-Nb-Sn";-7.5811000
"61 W";99.0000000;0.50000;0.00000;0.00000;0.00000;0.00000;0.30000;0.20000;0.00000;0.00000;0.00000;3890;350;168;"water";"Zr-Nb-Sn";-7.5239415
"202 W";99.0999985;0.50000;0.00000;0.00000;0.00000;0.00000;0.20000;0.20000;0.00000;0.00000;0.00000;3890;350;168;"water";"Zr-Nb-Sn";-7.3979616
"325 W";97.3649979;1.00000;0.00000;0.00000;0.00000;0.35000;1.20000;0.00000;0.00000;0.08500;0.00000;3600;360;186;"water";"Zr-Nb-Sn";-7.2723985
"60 W";98.8000031;0.50000;0.00000;0.00000;0.00000;0.00000;0.20000;0.50000;0.00000;0.00000;0.00000;3890;350;168;"water";"Zr-Nb-Sn";-7.1434774
"328 W";97.8099976;0.60000;0.00000;0.30000;0.00000;0.00000;1.20000;0.00000;0.00000;0.09000;0.00000;14400;360;186;"water";"Zr-Nb-Sn";-7.1326365
"59 W";99.0000000;0.50000;0.00000;0.00000;0.10000;0.00000;0.20000;0.20000;0.00000;0.00000;0.00000;3890;350;170;"water";"Zr-Nb-Sn";-7.1308990
"58 W";98.6999969;0.50000;0.00000;0.00000;0.00000;0.00000;0.20000;0.50000;0.00000;0.00000;0.10000;3890;350;168;"water";"Zr-Nb-Sn";-7.0940847
"312 W";97.3649979;1.00000;0.00000;0.00000;0.00000;0.35000;1.20000;0.00000;0.00000;0.08500;0.00000;7200;360;186;"water";"Zr-Nb-Sn";-7.0737114
"315 W";97.3649979;1.00000;0.00000;0.00000;0.00000;0.35000;1.20000;0.00000;0.00000;0.08500;0.00000;3600;360;186;"water";"Zr-Nb-Sn";-6.9663854
"304 W";99.0000000;0.00000;0.00000;0.00000;0.00000;0.00000;0.33000;0.00000;0.67000;0.00000;0.00000;3000;350;168;"water";"Zr-Nb-Sn";-6.9359260
"323 W";97.1100006;1.00000;0.00000;0.60000;0.00000;0.00000;1.20000;0.00000;0.00000;0.09000;0.00000;7200;360;186;"water";"Zr-Nb-Sn";-6.9359260
"327 W";97.3099976;0.70000;0.00000;0.60000;0.00000;0.00000;1.30000;0.00000;0.00000;0.09000;0.00000;14400;360;186;"water";"Zr-Nb-Sn";-6.9077554
"319 W";98.2099991;0.60000;0.00000;0.30000;0.00000;0.00000;0.80000;0.00000;0.00000;0.09000;0.00000;14400;360;186;"water";"Zr-Nb-Sn";-6.8803563
"172 W";97.3099976;1.00000;0.00000;0.40000;0.00000;0.00000;1.20000;0.00000;0.00000;0.09000;0.00000;14400;360;186;"water";"Zr-Nb-Sn";-6.8621445
"300 W";97.6100006;1.00000;0.00000;0.10000;0.00000;0.00000;1.20000;0.00000;0.00000;0.09000;0.00000;14400;360;186;"water";"Zr-Nb-Sn";-6.8228526
"330 W";97.4100037;1.20000;0.00000;0.50000;0.00000;0.00000;0.80000;0.00000;0.00000;0.09000;0.00000;14400;360;186;"water";"Zr-Nb-Sn";-6.8023949
"303 W";97.3649979;1.00000;0.00000;0.00000;0.00000;0.35000;1.20000;0.00000;0.00000;0.08500;0.00000;7200;360;186;"water";"Zr-Nb-Sn";-6.7041345
"320 W";97.7099991;0.70000;0.00000;0.30000;0.00000;0.00000;1.20000;0.00000;0.00000;0.09000;0.00000;14400;360;186;"water";"Zr-Nb-Sn";-6.6957850
"229 W";97.6100006;1.00000;0.00000;0.10000;0.00000;0.00000;1.20000;0.00000;0.00000;0.09000;0.00000;14400;400;103;"water";"Zr-Nb-Sn";-6.2401137
"238 W";97.8000031;1.50000;0.00000;0.20000;0.10000;0.00000;0.40000;0.00000;0.00000;0.00000;0.00000;3601;360;186;"water";"Zr-Nb-Sn";-5.4262133
"221 W";97.3099976;1.00000;0.00000;0.40000;0.00000;0.00000;1.20000;0.00000;0.00000;0.09000;0.00000;14400;400;103;"water";"Zr-Nb-Sn";-5.2983174
"230 W";97.8000031;1.50000;0.00000;0.20000;0.10000;0.00000;0.40000;0.00000;0.00000;0.00000;0.00000;2881;360;186;"water";"Zr-Nb-Sn";-4.8928523
"277 W";97.1100006;1.00000;0.00000;0.60000;0.00000;0.00000;1.20000;0.00000;0.00000;0.09000;0.00000;14400;360;186;"water";"Zr-Nb-Sn";-4.2493048
"278 W";97.8000031;1.50000;0.00000;0.20000;0.10000;0.00000;0.40000;0.00000;0.00000;0.00000;0.00000;2161;360;186;"water";"Zr-Nb-Sn";-2.8101752
"131 W";98.0999985;0.30000;0.00000;0.20000;0.10000;0.00000;1.30000;0.00000;0.00000;0.00000;0.00000;721;360;186;"water";"Zr-Nb-Sn";-2.4626560
"148 W";98.1299973;0.00000;0.00000;0.21000;0.10000;0.00000;1.45000;0.00000;0.00000;0.11000;0.00000;9024;360;186;"water";"Zr-Sn";-7.4742699
"69 W";96.8000031;0.00000;0.00000;0.20000;0.00000;0.00000;1.50000;0.00000;1.50000;0.00000;0.00000;4000;350;168;"water";"Zr-Sn";-7.3950505
"76 W";98.1299973;0.00000;0.00000;0.21000;0.10000;0.00000;1.45000;0.00000;0.00000;0.11000;0.00000;7526;360;186;"water";"Zr-Sn";-7.3495879
"77 W";98.1299973;0.00000;0.00000;0.00000;0.00000;0.31000;1.45000;0.00000;0.00000;0.11000;0.00000;7200;360;186;"water";"Zr-Sn";-7.3276091
"83 W";98.1299973;0.00000;0.00000;0.21000;0.10000;0.00000;1.45000;0.00000;0.00000;0.11000;0.00000;1368;360;186;"water";"Zr-Sn";-7.2244248
"74 W";98.0000000;0.00000;0.00000;0.00000;0.00000;0.00000;1.60000;0.00000;0.40000;0.00000;0.00000;3000;350;168;"water";"Zr-Sn";-7.2166123
"82 W";98.1299973;0.00000;0.00000;0.21000;0.10000;0.00000;1.45000;0.00000;0.00000;0.11000;0.00000;4512;400;250;"water";"Zr-Sn";-7.2050071
"80 W";98.1299973;0.00000;0.00000;0.21000;0.10000;0.00000;1.45000;0.00000;0.00000;0.11000;0.00000;3984;400;250;"water";"Zr-Sn";-7.1859584
"78 W";98.1299973;0.00000;0.00000;0.00000;0.00000;0.31000;1.45000;0.00000;0.00000;0.11000;0.00000;7200;360;186;"water";"Zr-Sn";-7.1489172
"152 W";98.1299973;0.00000;0.00000;0.21000;0.10000;0.00000;1.45000;0.00000;0.00000;0.11000;0.00000;3504;360;186;"water";"Zr-Sn";-7.0791368
"70 W";96.8000031;0.00000;0.10000;0.00000;0.10000;0.00000;1.50000;0.00000;1.50000;0.00000;0.00000;4000;350;168;"water";"Zr-Sn";-7.0291162
"81 W";98.1299973;0.00000;0.00000;0.00000;0.00000;0.31000;1.45000;0.00000;0.00000;0.11000;0.00000;3600;360;186;"water";"Zr-Sn";-7.0131159
"84 W";98.1299973;0.00000;0.00000;0.21000;0.10000;0.00000;1.45000;0.00000;0.00000;0.11000;0.00000;1488;400;250;"water";"Zr-Sn";-6.9515581
"79 W";98.1299973;0.00000;0.00000;0.00000;0.00000;0.31000;1.45000;0.00000;0.00000;0.11000;0.00000;3600;360;186;"water";"Zr-Sn";-6.9221439
"64 W";98.1299973;0.00000;0.00000;0.00000;0.00000;0.31000;1.45000;0.00000;0.00000;0.11000;0.00000;3600;360;186;"water";"Zr-Sn";-6.9077554
"85 W";96.9000015;0.00000;0.10000;0.00000;0.00000;0.00000;1.50000;0.00000;1.50000;0.00000;0.00000;2000;350;168;"water";"Zr-Sn";-6.8521852
"62 W";98.1299973;0.00000;0.00000;0.21000;0.10000;0.00000;1.45000;0.00000;0.00000;0.11000;0.00000;14400;360;186;"water";"Zr-Sn";-6.8281522
"75 W";97.0000000;0.00000;0.00000;0.00000;0.00000;0.00000;1.50000;0.00000;1.50000;0.00000;0.00000;3000;350;168;"water";"Zr-Sn";-6.8124452
"90 W";96.6999969;0.00000;0.00000;0.20000;0.10000;0.00000;1.50000;0.00000;1.50000;0.00000;0.00000;4000;350;168;"water";"Zr-Sn";-6.7254338
"71 W";96.9000015;0.00000;0.00000;0.00000;0.10000;0.00000;1.50000;0.00000;1.50000;0.00000;0.00000;1500;350;168;"water";"Zr-Sn";-6.7254338
"86 W";97.0000000;0.00000;0.00000;0.00000;0.00000;0.00000;1.50000;0.00000;1.50000;0.00000;0.00000;1000;350;168;"water";"Zr-Sn";-6.6789136
"151 W";98.1299973;0.00000;0.00000;0.21000;0.10000;0.00000;1.45000;0.00000;0.00000;0.11000;0.00000;8592;360;186;"water";"Zr-Sn";-6.6377282
"122 W";98.1299973;0.00000;0.00000;0.21000;0.10000;0.00000;1.45000;0.00000;0.00000;0.11000;0.00000;1488;400;250;"water";"Zr-Sn";-6.6282315
"119 W";97.0000000;0.00000;0.00000;0.00000;0.00000;0.00000;2.00000;0.00000;1.00000;0.00000;0.00000;3000;350;168;"water";"Zr-Sn";-6.4923396
"67 W";98.1299973;0.00000;0.00000;0.00000;0.00000;0.31000;1.45000;0.00000;0.00000;0.11000;0.00000;7200;360;186;"water";"Zr-Sn";-6.3940768
"147 W";96.0000000;0.00000;0.00000;0.00000;0.00000;0.00000;1.33000;0.00000;2.67000;0.00000;0.00000;1740;350;168;"water";"Zr-Sn";-5.9062047
"100 W";97.6999969;0.00000;0.10000;0.20000;0.00000;0.00000;0.67000;0.00000;1.33000;0.00000;0.00000;4000;350;168;"water";"Zr-Sn";-5.8102546
"73 W";96.6999969;0.00000;0.10000;0.20000;0.00000;0.00000;1.50000;0.00000;1.50000;0.00000;0.00000;4000;350;168;"water";"Zr-Sn";-5.8091431
"110 W";98.7799988;0.00000;0.00000;0.21000;0.10000;0.00000;0.80000;0.00000;0.00000;0.11000;0.00000;8568;360;186;"water";"Zr-Sn";-4.7228284
"109 W";98.0000000;0.00000;0.00000;0.00000;0.00000;0.00000;1.33000;0.00000;0.67000;0.00000;0.00000;3000;350;168;"water";"Zr-Sn";-4.3954496
"120 W";97.0000000;0.00000;0.00000;0.00000;0.00000;0.00000;2.40000;0.00000;0.60000;0.00000;0.00000;3000;350;168;"water";"Zr-Sn";-4.2330894
"114 W";96.0000000;0.00000;0.00000;0.00000;0.00000;0.00000;2.00000;0.00000;2.00000;0.00000;0.00000;1740;350;168;"water";"Zr-Sn";-3.5963004
"113 W";98.1299973;0.00000;0.00000;0.21000;0.10000;0.00000;1.45000;0.00000;0.00000;0.11000;0.00000;3528;400;250;"water";"Zr-Sn";-3.5370171
"111 W";97.6999969;0.00000;0.00000;0.20000;0.10000;0.00000;0.67000;0.00000;1.33000;0.00000;0.00000;4000;350;168;"water";"Zr-Sn";-3.2421327
"99 W";98.1299973;0.00000;0.00000;0.21000;0.10000;0.00000;1.45000;0.00000;0.00000;0.11000;0.00000;3528;360;186;"water";"Zr-Sn";-3.2322989
"121 W";96.0000000;0.00000;0.00000;0.00000;0.00000;0.00000;3.20000;0.00000;0.80000;0.00000;0.00000;3000;350;168;"water";"Zr-Sn";-3.0190010
"115 W";96.0000000;0.00000;0.00000;0.00000;0.00000;0.00000;2.66000;0.00000;1.34000;0.00000;0.00000;3000;350;168;"water";"Zr-Sn";-2.7249420
"105 W";98.7799988;0.00000;0.00000;0.21000;0.10000;0.00000;0.80000;0.00000;0.00000;0.11000;0.00000;8568;360;186;"water";"Zr-Sn";-2.6907015
"116 W";95.0000000;0.00000;0.00000;0.00000;0.00000;0.00000;3.33000;0.00000;1.67000;0.00000;0.00000;3000;350;168;"water";"Zr-Sn";-2.5996442
"117 W";95.0000000;0.00000;0.00000;0.00000;0.00000;0.00000;4.00000;0.00000;1.00000;0.00000;0.00000;3000;350;168;"water";"Zr-Sn";-2.5780094
"92 W";98.7799988;0.00000;0.00000;0.21000;0.10000;0.00000;0.80000;0.00000;0.00000;0.11000;0.00000;3528;400;250;"water";"Zr-Sn";-2.5244794
"108 W";98.1299973;0.00000;0.00000;0.21000;0.10000;0.00000;1.45000;0.00000;0.00000;0.11000;0.00000;2520;360;186;"water";"Zr-Sn";-2.3655248
"104 W";98.1299973;0.00000;0.00000;0.21000;0.10000;0.00000;1.45000;0.00000;0.00000;0.11000;0.00000;2472;360;186;"water";"Zr-Sn";-2.1982250
"414 WL";98.6999969;0.00000;0.20000;0.10000;0.00000;0.00000;0.00000;0.25000;0.75000;0.00000;0.00000;7000;350;168;"water+Li";"Zr";-6.9722939
"310 WL";97.0000000;0.00000;0.75000;0.00000;0.00000;0.00000;0.00000;2.25000;0.00000;0.00000;0.00000;4000;350;170;"water+Li";"Zr";-6.9356403
"307 WL";98.0000000;0.00000;0.50000;0.00000;0.00000;0.00000;0.00000;1.50000;0.00000;0.00000;0.00000;4000;350;170;"water+Li";"Zr";-6.9302564
"415 WL";98.5999985;0.00000;0.90000;0.00000;0.00000;0.00000;0.00000;0.50000;0.00000;0.00000;0.00000;4000;350;170;"water+Li";"Zr";-6.8592563
"394 WL";98.0000000;0.00000;1.00000;0.00000;0.00000;0.00000;0.00000;1.00000;0.00000;0.00000;0.00000;4000;350;170;"water+Li";"Zr";-5.5163569
"393 WL";98.6999969;0.00000;0.20000;0.10000;0.00000;0.00000;0.00000;0.50000;0.50000;0.00000;0.00000;7000;350;168;"water+Li";"Zr";-5.0047007
"391 WL";98.8000031;0.00000;0.00000;0.00000;0.20000;0.00000;0.00000;0.25000;0.75000;0.00000;0.00000;7000;350;168;"water+Li";"Zr";-4.7027507
"392 WL";98.6999969;0.00000;0.00000;0.10000;0.20000;0.00000;0.00000;0.25000;0.75000;0.00000;0.00000;7000;350;168;"water+Li";"Zr";-4.6264300
"390 WL";98.8000031;0.00000;0.20000;0.00000;0.00000;0.00000;0.00000;0.25000;0.75000;0.00000;0.00000;7000;350;168;"water+Li";"Zr";-4.5006661
"389 WL";98.8000031;0.00000;0.00000;0.00000;0.20000;0.00000;0.00000;0.50000;0.50000;0.00000;0.00000;7000;350;168;"water+Li";"Zr";-4.4248290
"388 WL";98.8000031;0.00000;0.00000;0.20000;0.00000;0.00000;0.00000;0.25000;0.75000;0.00000;0.00000;7000;350;168;"water+Li";"Zr";-4.2914019
"WL434";98.8499985;1.10000;0.00000;0.00000;0.00000;0.00000;0.00000;0.00000;0.05000;0.00000;0.00000;16080;360;186;"water+Li";"Zr-Nb";-8.0082350
"WL435";98.8499985;1.10000;0.00000;0.00000;0.00000;0.00000;0.00000;0.00000;0.05000;0.00000;0.00000;16800;360;186;"water+Li";"Zr-Nb";-8.0045834
"WL438";98.8499985;1.10000;0.00000;0.00000;0.00000;0.00000;0.00000;0.00000;0.05000;0.00000;0.00000;21360;360;186;"water+Li";"Zr-Nb";-7.9924202
"WL436";98.8499985;1.10000;0.00000;0.00000;0.00000;0.00000;0.00000;0.00000;0.05000;0.00000;0.00000;18240;360;186;"water+Li";"Zr-Nb";-7.9868231
"WL440";98.8499985;1.10000;0.00000;0.00000;0.00000;0.00000;0.00000;0.00000;0.05000;0.00000;0.00000;24000;360;186;"water+Li";"Zr-Nb";-7.9865651
"WL437";98.8499985;1.10000;0.00000;0.00000;0.00000;0.00000;0.00000;0.00000;0.05000;0.00000;0.00000;19680;360;186;"water+Li";"Zr-Nb";-7.9837594
"WL433";98.8499985;1.10000;0.00000;0.00000;0.00000;0.00000;0.00000;0.00000;0.05000;0.00000;0.00000;14400;360;186;"water+Li";"Zr-Nb";-7.9635477
"WL439";98.8499985;1.10000;0.00000;0.00000;0.00000;0.00000;0.00000;0.00000;0.05000;0.00000;0.00000;22560;360;186;"water+Li";"Zr-Nb";-7.9570708
"WL432";98.8499985;1.10000;0.00000;0.00000;0.00000;0.00000;0.00000;0.00000;0.05000;0.00000;0.00000;12960;360;186;"water+Li";"Zr-Nb";-7.9457431
"WL431";98.8499985;1.10000;0.00000;0.00000;0.00000;0.00000;0.00000;0.00000;0.05000;0.00000;0.00000;12240;360;186;"water+Li";"Zr-Nb";-7.9083872
"WL430";98.8499985;1.10000;0.00000;0.00000;0.00000;0.00000;0.00000;0.00000;0.05000;0.00000;0.00000;11280;360;186;"water+Li";"Zr-Nb";-7.8267093
"WL429";98.8499985;1.10000;0.00000;0.00000;0.00000;0.00000;0.00000;0.00000;0.05000;0.00000;0.00000;10560;360;186;"water+Li";"Zr-Nb";-7.7992611
"WL428";98.8499985;1.10000;0.00000;0.00000;0.00000;0.00000;0.00000;0.00000;0.05000;0.00000;0.00000;9840;360;186;"water+Li";"Zr-Nb";-7.7472920
"WL427";98.8499985;1.10000;0.00000;0.00000;0.00000;0.00000;0.00000;0.00000;0.05000;0.00000;0.00000;9360;360;186;"water+Li";"Zr-Nb";-7.7381034
"WL426";98.8499985;1.10000;0.00000;0.00000;0.00000;0.00000;0.00000;0.00000;0.05000;0.00000;0.00000;8640;360;186;"water+Li";"Zr-Nb";-7.6580610
"WL425";98.8499985;1.10000;0.00000;0.00000;0.00000;0.00000;0.00000;0.00000;0.05000;0.00000;0.00000;7920;360;186;"water+Li";"Zr-Nb";-7.5933552
"WL424";98.8499985;1.10000;0.00000;0.00000;0.00000;0.00000;0.00000;0.00000;0.05000;0.00000;0.00000;7200;360;186;"water+Li";"Zr-Nb";-7.4980450
"WL461";96.9599991;1.50000;0.00000;0.00000;0.00000;0.00000;0.00000;1.54000;0.00000;0.00000;0.00000;720;350;168;"water+Li";"Zr-Nb";-7.4486332
"WL465";98.0000000;1.50000;0.00000;0.50000;0.00000;0.00000;0.00000;0.00000;0.00000;0.00000;0.00000;3500;350;170;"water+Li";"Zr-Nb";-7.4467516
"WL463";98.0000000;1.50000;0.00000;0.00000;0.50000;0.00000;0.00000;0.00000;0.00000;0.00000;0.00000;2184;350;169;"water+Li";"Zr-Nb";-7.4355783
"WL464";97.0000000;1.50000;0.00000;1.50000;0.00000;0.00000;0.00000;0.00000;0.00000;0.00000;0.00000;3500;350;170;"water+Li";"Zr-Nb";-7.4346671
"WL462";97.0000000;1.50000;0.00000;0.00000;1.50000;0.00000;0.00000;0.00000;0.00000;0.00000;0.00000;2184;350;169;"water+Li";"Zr-Nb";-7.4311938
"WL460";97.0000000;1.50000;0.00000;1.50000;0.00000;0.00000;0.00000;0.00000;0.00000;0.00000;0.00000;3000;400;250;"water+Li";"Zr-Nb";-7.4305573
"WL423";98.8499985;1.10000;0.00000;0.00000;0.00000;0.00000;0.00000;0.00000;0.05000;0.00000;0.00000;6481;360;186;"water+Li";"Zr-Nb";-7.4130926
"WL422";98.8499985;1.10000;0.00000;0.00000;0.00000;0.00000;0.00000;0.00000;0.05000;0.00000;0.00000;5760;360;186;"water+Li";"Zr-Nb";-7.3184423
"WL421";98.8499985;1.10000;0.00000;0.00000;0.00000;0.00000;0.00000;0.00000;0.05000;0.00000;0.00000;5040;360;186;"water+Li";"Zr-Nb";-7.2060757
"WL420";98.8499985;1.10000;0.00000;0.00000;0.00000;0.00000;0.00000;0.00000;0.05000;0.00000;0.00000;4320;360;186;"water+Li";"Zr-Nb";-7.1239786
"WL419";98.8499985;1.10000;0.00000;0.00000;0.00000;0.00000;0.00000;0.00000;0.05000;0.00000;0.00000;3601;360;186;"water+Li";"Zr-Nb";-7.0705519
"407 WL";98.5000000;1.00000;0.50000;0.00000;0.00000;0.00000;0.00000;0.00000;0.00000;0.00000;0.00000;1000;400;250;"water+Li";"Zr-Nb";-7.0177560
"308 WL";99.0000000;1.00000;0.00000;0.00000;0.00000;0.00000;0.00000;0.00000;0.00000;0.00000;0.00000;1416;360;186;"water+Li";"Zr-Nb";-6.9402213
"WL489";99.4000015;0.30000;0.00000;0.00000;0.00000;0.00000;0.00000;0.30000;0.00000;0.00000;0.00000;240;350;168;"water+Li";"Zr-Nb";-6.8538198
"WL418";98.8499985;1.10000;0.00000;0.00000;0.00000;0.00000;0.00000;0.00000;0.05000;0.00000;0.00000;2881;360;186;"water+Li";"Zr-Nb";-6.8474779
"338 WL";99.0000000;0.80000;0.00000;0.00000;0.00000;0.00000;0.00000;0.20000;0.00000;0.00000;0.00000;3890;350;168;"water+Li";"Zr-Nb";-6.8023949
"305 WL";99.0000000;1.00000;0.00000;0.00000;0.00000;0.00000;0.00000;0.00000;0.00000;0.00000;0.00000;2184;360;186;"water+Li";"Zr-Nb";-6.7623329
"408 WL";98.0000000;1.00000;0.00000;1.00000;0.00000;0.00000;0.00000;0.00000;0.00000;0.00000;0.00000;3000;400;250;"water+Li";"Zr-Nb";-6.7555051
"WL417";98.8499985;1.10000;0.00000;0.00000;0.00000;0.00000;0.00000;0.00000;0.05000;0.00000;0.00000;2161;360;186;"water+Li";"Zr-Nb";-6.6487069
"340 WL";98.0000000;1.00000;0.00000;0.00000;1.00000;0.00000;0.00000;0.00000;0.00000;0.00000;0.00000;2184;350;169;"water+Li";"Zr-Nb";-6.6097102
"331 WL";98.0000000;1.00000;0.00000;1.00000;0.00000;0.00000;0.00000;0.00000;0.00000;0.00000;0.00000;3500;350;170;"water+Li";"Zr-Nb";-6.5304608
"332 WL";98.9100037;1.00000;0.00000;0.01000;0.00000;0.00000;0.00000;0.00000;0.00000;0.08000;0.00000;7200;360;186;"water+Li";"Zr-Nb";-6.5115924
"343 WL";99.0000000;1.00000;0.00000;0.00000;0.00000;0.00000;0.00000;0.00000;0.00000;0.00000;0.00000;2976;360;186;"water+Li";"Zr-Nb";-6.4930735
"335 WL";98.9010010;1.00000;0.00000;0.00000;0.00000;0.00900;0.00000;0.00000;0.00000;0.09000;0.00000;7200;360;186;"water+Li";"Zr-Nb";-6.3561077
"WL416";98.8499985;1.10000;0.00000;0.00000;0.00000;0.00000;0.00000;0.00000;0.05000;0.00000;0.00000;1440;360;186;"water+Li";"Zr-Nb";-6.3363051
"WL415";98.8499985;1.10000;0.00000;0.00000;0.00000;0.00000;0.00000;0.00000;0.05000;0.00000;0.00000;721;360;186;"water+Li";"Zr-Nb";-5.8292232
"374 WL";98.7799988;1.00000;0.00000;0.10000;0.00000;0.00000;0.00000;0.00000;0.00000;0.12000;0.00000;14400;400;103;"water+Li";"Zr-Nb";-4.4897795
"336 WL";99.0000000;1.00000;0.00000;0.00000;0.00000;0.00000;0.00000;0.00000;0.00000;0.00000;0.00000;6999;360;186;"water+Li";"Zr-Nb";-4.0623612
"373 WL";98.9100037;1.00000;0.00000;0.01000;0.00000;0.00000;0.00000;0.00000;0.00000;0.08000;0.00000;14400;400;103;"water+Li";"Zr-Nb";-3.2534273
"WL457";97.8000031;1.50000;0.00000;0.20000;0.10000;0.00000;0.40000;0.00000;0.00000;0.00000;0.00000;21360;360;186;"water+Li";"Zr-Nb-Sn";-7.4375353
"WL456";97.8000031;1.50000;0.00000;0.20000;0.10000;0.00000;0.40000;0.00000;0.00000;0.00000;0.00000;19680;360;186;"water+Li";"Zr-Nb-Sn";-7.4342256
"WL458";97.8000031;1.50000;0.00000;0.20000;0.10000;0.00000;0.40000;0.00000;0.00000;0.00000;0.00000;22560;360;186;"water+Li";"Zr-Nb-Sn";-7.4337416
"WL459";97.8000031;1.50000;0.00000;0.20000;0.10000;0.00000;0.40000;0.00000;0.00000;0.00000;0.00000;24000;360;186;"water+Li";"Zr-Nb-Sn";-7.4319367
"WL455";97.8000031;1.50000;0.00000;0.20000;0.10000;0.00000;0.40000;0.00000;0.00000;0.00000;0.00000;18240;360;186;"water+Li";"Zr-Nb-Sn";-7.3920450
"WL454";97.8000031;1.50000;0.00000;0.20000;0.10000;0.00000;0.40000;0.00000;0.00000;0.00000;0.00000;16800;360;186;"water+Li";"Zr-Nb-Sn";-7.3479061
"WL453";97.8000031;1.50000;0.00000;0.20000;0.10000;0.00000;0.40000;0.00000;0.00000;0.00000;0.00000;16080;360;186;"water+Li";"Zr-Nb-Sn";-7.3208714
"WL452";97.8000031;1.50000;0.00000;0.20000;0.10000;0.00000;0.40000;0.00000;0.00000;0.00000;0.00000;14400;360;186;"water+Li";"Zr-Nb-Sn";-7.2957458
"WL451";97.8000031;1.50000;0.00000;0.20000;0.10000;0.00000;0.40000;0.00000;0.00000;0.00000;0.00000;12960;360;186;"water+Li";"Zr-Nb-Sn";-7.2315764
"WL450";97.8000031;1.50000;0.00000;0.20000;0.10000;0.00000;0.40000;0.00000;0.00000;0.00000;0.00000;12240;360;186;"water+Li";"Zr-Nb-Sn";-7.1754365
"WL446";97.8000031;1.50000;0.00000;0.20000;0.10000;0.00000;0.40000;0.00000;0.00000;0.00000;0.00000;9360;360;186;"water+Li";"Zr-Nb-Sn";-7.1239786
"WL449";97.8000031;1.50000;0.00000;0.20000;0.10000;0.00000;0.40000;0.00000;0.00000;0.00000;0.00000;11280;360;186;"water+Li";"Zr-Nb-Sn";-7.1068840
"WL445";97.8000031;1.50000;0.00000;0.20000;0.10000;0.00000;0.40000;0.00000;0.00000;0.00000;0.00000;8640;360;186;"water+Li";"Zr-Nb-Sn";-7.0762835
"WL447";97.8000031;1.50000;0.00000;0.20000;0.10000;0.00000;0.40000;0.00000;0.00000;0.00000;0.00000;9840;360;186;"water+Li";"Zr-Nb-Sn";-7.0472569
"WL448";97.8000031;1.50000;0.00000;0.20000;0.10000;0.00000;0.40000;0.00000;0.00000;0.00000;0.00000;10560;360;186;"water+Li";"Zr-Nb-Sn";-7.0309148
"WL444";97.8000031;1.50000;0.00000;0.20000;0.10000;0.00000;0.40000;0.00000;0.00000;0.00000;0.00000;7920;360;186;"water+Li";"Zr-Nb-Sn";-6.9419346
"WL488";98.0999985;0.30000;0.00000;0.20000;0.10000;0.00000;1.30000;0.00000;0.00000;0.00000;0.00000;24000;360;186;"water+Li";"Zr-Nb-Sn";-6.8875704
"309 WL";97.3649979;1.00000;0.00000;0.00000;0.00000;0.35000;1.20000;0.00000;0.00000;0.08500;0.00000;3600;360;186;"water+Li";"Zr-Nb-Sn";-6.8863201
"306 WL";97.3649979;1.00000;0.00000;0.00000;0.00000;0.35000;1.20000;0.00000;0.00000;0.08500;0.00000;7200;360;186;"water+Li";"Zr-Nb-Sn";-6.8765798
"WL484";98.0999985;0.30000;0.00000;0.20000;0.10000;0.00000;1.30000;0.00000;0.00000;0.00000;0.00000;18240;360;186;"water+Li";"Zr-Nb-Sn";-6.8720894
"WL486";98.0999985;0.30000;0.00000;0.20000;0.10000;0.00000;1.30000;0.00000;0.00000;0.00000;0.00000;21360;360;186;"water+Li";"Zr-Nb-Sn";-6.8557763
"WL485";98.0999985;0.30000;0.00000;0.20000;0.10000;0.00000;1.30000;0.00000;0.00000;0.00000;0.00000;19680;360;186;"water+Li";"Zr-Nb-Sn";-6.8517857
"WL483";98.0999985;0.30000;0.00000;0.20000;0.10000;0.00000;1.30000;0.00000;0.00000;0.00000;0.00000;16800;360;186;"water+Li";"Zr-Nb-Sn";-6.8491812
"WL487";98.0999985;0.30000;0.00000;0.20000;0.10000;0.00000;1.30000;0.00000;0.00000;0.00000;0.00000;22560;360;186;"water+Li";"Zr-Nb-Sn";-6.8429532
"409 WL";97.8099976;1.00000;0.00000;0.30000;0.00000;0.00000;0.80000;0.00000;0.00000;0.09000;0.00000;7200;360;186;"water+Li";"Zr-Nb-Sn";-6.8123021
"WL443";97.8000031;1.50000;0.00000;0.20000;0.10000;0.00000;0.40000;0.00000;0.00000;0.00000;0.00000;7200;360;186;"water+Li";"Zr-Nb-Sn";-6.7934108
"WL482";98.0999985;0.30000;0.00000;0.20000;0.10000;0.00000;1.30000;0.00000;0.00000;0.00000;0.00000;16080;360;186;"water+Li";"Zr-Nb-Sn";-6.7625732
"WL473";98.0999985;0.30000;0.00000;0.20000;0.10000;0.00000;1.30000;0.00000;0.00000;0.00000;0.00000;7920;360;186;"water+Li";"Zr-Nb-Sn";-6.7014189
"WL481";98.0999985;0.30000;0.00000;0.20000;0.10000;0.00000;1.30000;0.00000;0.00000;0.00000;0.00000;14400;360;186;"water+Li";"Zr-Nb-Sn";-6.7014189
"WL470";98.0999985;0.30000;0.00000;0.20000;0.10000;0.00000;1.30000;0.00000;0.00000;0.00000;0.00000;5760;360;186;"water+Li";"Zr-Nb-Sn";-6.6925797
"WL480";98.0999985;0.30000;0.00000;0.20000;0.10000;0.00000;1.30000;0.00000;0.00000;0.00000;0.00000;12960;360;186;"water+Li";"Zr-Nb-Sn";-6.6891975
"WL476";98.0999985;0.30000;0.00000;0.20000;0.10000;0.00000;1.30000;0.00000;0.00000;0.00000;0.00000;9840;360;186;"water+Li";"Zr-Nb-Sn";-6.6820507
"WL479";98.0999985;0.30000;0.00000;0.20000;0.10000;0.00000;1.30000;0.00000;0.00000;0.00000;0.00000;12240;360;186;"water+Li";"Zr-Nb-Sn";-6.6628642
"WL472";98.0999985;0.30000;0.00000;0.20000;0.10000;0.00000;1.30000;0.00000;0.00000;0.00000;0.00000;7200;360;186;"water+Li";"Zr-Nb-Sn";-6.6555667
"344 WL";97.4100037;1.20000;0.00000;0.50000;0.00000;0.00000;0.80000;0.00000;0.00000;0.09000;0.00000;7200;360;186;"water+Li";"Zr-Nb-Sn";-6.6518221
"WL442";97.8000031;1.50000;0.00000;0.20000;0.10000;0.00000;0.40000;0.00000;0.00000;0.00000;0.00000;6481;360;186;"water+Li";"Zr-Nb-Sn";-6.6487069
"WL475";98.0999985;0.30000;0.00000;0.20000;0.10000;0.00000;1.30000;0.00000;0.00000;0.00000;0.00000;9360;360;186;"water+Li";"Zr-Nb-Sn";-6.6437898
"WL474";98.0999985;0.30000;0.00000;0.20000;0.10000;0.00000;1.30000;0.00000;0.00000;0.00000;0.00000;8640;360;186;"water+Li";"Zr-Nb-Sn";-6.6430626
"WL469";98.0999985;0.30000;0.00000;0.20000;0.10000;0.00000;1.30000;0.00000;0.00000;0.00000;0.00000;5040;360;186;"water+Li";"Zr-Nb-Sn";-6.6393552
"WL478";98.0999985;0.30000;0.00000;0.20000;0.10000;0.00000;1.30000;0.00000;0.00000;0.00000;0.00000;11280;360;186;"water+Li";"Zr-Nb-Sn";-6.6351004
"WL477";98.0999985;0.30000;0.00000;0.20000;0.10000;0.00000;1.30000;0.00000;0.00000;0.00000;0.00000;10560;360;186;"water+Li";"Zr-Nb-Sn";-6.6308012
"WL471";98.0999985;0.30000;0.00000;0.20000;0.10000;0.00000;1.30000;0.00000;0.00000;0.00000;0.00000;6481;360;186;"water+Li";"Zr-Nb-Sn";-6.6097102
"410 WL";97.7149963;1.01500;0.00000;0.10000;0.00000;0.00000;1.05000;0.00000;0.00000;0.12000;0.00000;14400;360;186;"water+Li";"Zr-Nb-Sn";-6.6097102
"339 WL";97.3099976;1.00000;0.00000;0.40000;0.00000;0.00000;1.20000;0.00000;0.00000;0.09000;0.00000;7200;360;186;"water+Li";"Zr-Nb-Sn";-6.5792513
"WL467";98.0999985;0.30000;0.00000;0.20000;0.10000;0.00000;1.30000;0.00000;0.00000;0.00000;0.00000;3601;360;186;"water+Li";"Zr-Nb-Sn";-6.5500398
"WL468";98.0999985;0.30000;0.00000;0.20000;0.10000;0.00000;1.30000;0.00000;0.00000;0.00000;0.00000;4320;360;186;"water+Li";"Zr-Nb-Sn";-6.5269365
"342 WL";97.8099976;0.60000;0.00000;0.30000;0.00000;0.00000;1.20000;0.00000;0.00000;0.09000;0.00000;7200;360;186;"water+Li";"Zr-Nb-Sn";-6.3641400
"411 WL";97.7149963;1.01500;0.00000;0.10000;0.00000;0.00000;1.05000;0.00000;0.00000;0.12000;0.00000;4940;360;186;"water+Li";"Zr-Nb-Sn";-6.3417978
"333 WL";98.2099991;0.60000;0.00000;0.30000;0.00000;0.00000;0.80000;0.00000;0.00000;0.09000;0.00000;7200;360;186;"water+Li";"Zr-Nb-Sn";-6.2571678
"341 WL";97.3099976;0.70000;0.00000;0.60000;0.00000;0.00000;1.30000;0.00000;0.00000;0.09000;0.00000;7200;360;186;"water+Li";"Zr-Nb-Sn";-6.2427788
"334 WL";97.7099991;0.70000;0.00000;0.30000;0.00000;0.00000;1.20000;0.00000;0.00000;0.09000;0.00000;7200;360;186;"water+Li";"Zr-Nb-Sn";-6.1671414
"375 WL";97.8099976;1.00000;0.00000;0.30000;0.00000;0.00000;0.80000;0.00000;0.00000;0.09000;0.00000;14400;360;186;"water+Li";"Zr-Nb-Sn";-6.1628571
"376 WL";97.8099976;1.00000;0.00000;0.30000;0.00000;0.00000;0.80000;0.00000;0.00000;0.09000;0.00000;14400;400;103;"water+Li";"Zr-Nb-Sn";-6.0924406
"379 WL";97.7149963;1.01500;0.00000;0.10000;0.00000;0.00000;1.05000;0.00000;0.00000;0.12000;0.00000;3528;360;186;"water+Li";"Zr-Nb-Sn";-5.8559508
"WL466";98.0999985;0.30000;0.00000;0.20000;0.10000;0.00000;1.30000;0.00000;0.00000;0.00000;0.00000;2881;360;186;"water+Li";"Zr-Nb-Sn";-5.8339515
"380 WL";97.7149963;1.01500;0.00000;0.10000;0.00000;0.00000;1.05000;0.00000;0.00000;0.12000;0.00000;2184;360;186;"water+Li";"Zr-Nb-Sn";-5.8326154
"WL441";97.8000031;1.50000;0.00000;0.20000;0.10000;0.00000;0.40000;0.00000;0.00000;0.00000;0.00000;5760;360;186;"water+Li";"Zr-Nb-Sn";-5.8292232
"378 WL";97.7149963;1.01500;0.00000;0.10000;0.00000;0.00000;1.05000;0.00000;0.00000;0.12000;0.00000;8616;360;186;"water+Li";"Zr-Nb-Sn";-5.7842317
"377 WL";97.7149963;1.01500;0.00000;0.10000;0.00000;0.00000;1.05000;0.00000;0.00000;0.12000;0.00000;9000;360;186;"water+Li";"Zr-Nb-Sn";-5.7585907
"381 WL";97.7149963;1.01500;0.00000;0.10000;0.00000;0.00000;1.05000;0.00000;0.00000;0.12000;0.00000;1344;360;186;"water+Li";"Zr-Nb-Sn";-5.4986572
"337 WL";97.6100006;1.00000;0.00000;0.10000;0.00000;0.00000;1.20000;0.00000;0.00000;0.09000;0.00000;7200;360;186;"water+Li";"Zr-Nb-Sn";-3.5835190
"412 WL";98.7799988;0.00000;0.00000;0.21000;0.10000;0.00000;0.80000;0.00000;0.00000;0.11000;0.00000;3528;360;186;"water+Li";"Zr-Sn";-6.6358213
"413 WL";98.7799988;0.00000;0.00000;0.21000;0.10000;0.00000;0.80000;0.00000;0.00000;0.11000;0.00000;1128;360;186;"water+Li";"Zr-Sn";-6.5365586
"386 WL";99.0000000;0.00000;0.00000;0.00000;0.00000;0.00000;0.80000;0.00000;0.20000;0.00000;0.00000;3000;350;168;"water+Li";"Zr-Sn";-5.7463422
"384 WL";98.7799988;0.00000;0.00000;0.21000;0.10000;0.00000;0.80000;0.00000;0.00000;0.11000;0.00000;2160;360;186;"water+Li";"Zr-Sn";-5.5510907
"387 WL";98.7799988;0.00000;0.00000;0.21000;0.10000;0.00000;0.80000;0.00000;0.00000;0.11000;0.00000;10536;400;250;"water+Li";"Zr-Sn";-5.4187636
"385 WL";98.7799988;0.00000;0.00000;0.21000;0.10000;0.00000;0.80000;0.00000;0.00000;0.11000;0.00000;7520;360;186;"water+Li";"Zr-Sn";-5.3890719
"383 WL";98.7799988;0.00000;0.00000;0.21000;0.10000;0.00000;0.80000;0.00000;0.00000;0.11000;0.00000;3504;360;186;"water+Li";"Zr-Sn";-4.3047891
"382 WL";98.7799988;0.00000;0.00000;0.21000;0.10000;0.00000;0.80000;0.00000;0.00000;0.11000;0.00000;14400;360;186;"water+Li";"Zr-Sn";-4.1790667
"14 WS";99.0000000;0.75000;0.00000;0.25000;0.00000;0.00000;0.00000;0.00000;0.00000;0.00000;0.00000;3500;350;170;"water+steam";"Zr-Nb";-9.0021658
"3 WS";98.5000000;0.50000;1.00000;0.00000;0.00000;0.00000;0.00000;0.00000;0.00000;0.00000;0.00000;3000;350;170;"water+steam";"Zr-Nb";-8.1022491
"1 WS";99.0000000;0.25000;0.00000;0.75000;0.00000;0.00000;0.00000;0.00000;0.00000;0.00000;0.00000;3500;350;170;"water+steam";"Zr-Nb";-7.6658220
"13 WS";96.0000000;2.00000;0.00000;2.00000;0.00000;0.00000;0.00000;0.00000;0.00000;0.00000;0.00000;3500;350;170;"water+steam";"Zr-Nb";-7.4091020
"2 WS";98.5000000;0.37000;0.00000;1.13000;0.00000;0.00000;0.00000;0.00000;0.00000;0.00000;0.00000;3500;350;170;"water+steam";"Zr-Nb";-7.1747012
"5 WS";97.0000000;0.75000;0.00000;2.25000;0.00000;0.00000;0.00000;0.00000;0.00000;0.00000;0.00000;3500;350;170;"water+steam";"Zr-Nb";-7.1131992
"4 WS";97.5000000;0.63000;0.00000;1.87000;0.00000;0.00000;0.00000;0.00000;0.00000;0.00000;0.00000;3500;350;170;"water+steam";"Zr-Nb";-7.0004973
"9 WS";98.5000000;0.75000;0.00000;0.75000;0.00000;0.00000;0.00000;0.00000;0.00000;0.00000;0.00000;3500;350;170;"water+steam";"Zr-Nb";-6.9106164
"15 WS";98.5000000;1.13000;0.00000;0.37000;0.00000;0.00000;0.00000;0.00000;0.00000;0.00000;0.00000;3500;350;170;"water+steam";"Zr-Nb";-6.8387623
"19 WS";96.0000000;3.00000;0.00000;1.00000;0.00000;0.00000;0.00000;0.00000;0.00000;0.00000;0.00000;3500;350;170;"water+steam";"Zr-Nb";-6.8021092
"6 WS";99.0000000;1.00000;0.00000;0.00000;0.00000;0.00000;0.00000;0.00000;0.00000;0.00000;0.00000;1488;400;250;"water+steam";"Zr-Nb";-6.7792363
"10 WS";99.0000000;1.00000;0.00000;0.00000;0.00000;0.00000;0.00000;0.00000;0.00000;0.00000;0.00000;3504;400;250;"water+steam";"Zr-Nb";-6.7519732
"18 WS";97.0000000;2.25000;0.00000;0.75000;0.00000;0.00000;0.00000;0.00000;0.00000;0.00000;0.00000;3500;350;170;"water+steam";"Zr-Nb";-6.7065654
"17 WS";97.5000000;1.87000;0.00000;0.63000;0.00000;0.00000;0.00000;0.00000;0.00000;0.00000;0.00000;3500;350;170;"water+steam";"Zr-Nb";-6.5712829
"7 WS";95.0000000;1.25000;0.00000;3.75000;0.00000;0.00000;0.00000;0.00000;0.00000;0.00000;0.00000;3500;350;170;"water+steam";"Zr-Nb";-6.4306340
"11 WS";97.5000000;1.25000;0.00000;1.25000;0.00000;0.00000;0.00000;0.00000;0.00000;0.00000;0.00000;3500;350;170;"water+steam";"Zr-Nb";-6.1154094
"8 WS";98.9000015;0.50000;0.00000;0.00000;0.10000;0.00000;0.00000;0.50000;0.00000;0.00000;0.00000;3890;350;170;"water+steam";"Zr-Nb";-6.0723648
"16 WS";97.8000031;1.50000;0.00000;0.20000;0.10000;0.00000;0.40000;0.00000;0.00000;0.00000;0.00000;5040;360;186;"water+steam";"Zr-Nb-Sn";-7.1096969
"12 WS";97.8000031;1.50000;0.00000;0.20000;0.10000;0.00000;0.40000;0.00000;0.00000;0.00000;0.00000;4320;360;186;"water+steam";"Zr-Nb-Sn";-6.6608953
